<?xml version="1.0" encoding="UTF-8" ?>
<service>
    <id>netdisk-fast-download</id>
    <name>netdisk-fast-download</name>
    <description>netdisk fast download service</description>
    <executable>jdk\bin\java.exe</executable>
    <arguments> -server -Xmx128m -jar C:\Users\XiaoM\Desktop\netdisk_fast_download\bin\netdisk-fast-download.jar </arguments>
    <logpath>C:\Users\XiaoM\Desktop\netdisk_fast_download\bin\logs</logpath>
    <log mode="roll-by-time">
        <pattern>yyyyMMdd</pattern>
    </log>
</service>
