{
    "image": "images/image2.jpg",
    "info1": "应用此补丁将修复以下错误和其他问题。\n修复补丁 1.12 版] (2016 年 9 月 30 日)\n添加了个人系统语音设置（&apos; 帮助 => 个人系统语音设置 &apos; 菜单）。\n添加了针对影片播放过程中发生错误的环境的对策处理。\n调整了图像内存分配方法的默认参数。\n修正了其他系统小错误。\n修正了其他系统小问题。\n修正补丁 Ver.1.11] (2016.8/10)\n在 CG 观看的单个 CG 显示画面中添加了差异数显示和按钮自动删除功能。\n调整为点击积压的文字即可播放该部分的音频。\n调整为可从流程图公共端的路线分支图标移动到各页。\n修正了无法播放 Mako 结局影片的问题。\n修正了禁用 Direct3D 运动渲染时标清运动显示的问题。\n添加了一个对策，以解决在不支持的旧操作系统上播放影片时出现错误的问题。\n修正了启用绘图线程分割规范时部分图像损坏的问题。\n调整了对策设置，以减少位图内存分配错误。\n修正了其他系统小错误。\n修正了醒目图像中的错字。\n对事件 CG 做了一些小修正。\n对方向等做了一些修正和调整。\n其他文字的调整和错漏的更正。\n修复补丁 1.10 版] （2016 年 7 月 28 日）\n增加了收藏声音的播放列表功能。\n增加了自定义窗口菜单排列的功能。\n增加了章节显示的时间规格。\n在快捷分配键和释放屏幕上增加了按键内容的弹出显示。\n修正了播放电影时与音量有关的问题。\n修正了根据高清模式和全高清模式视频设置，无法播放 Mako 结束影片的问题。\n修正了在禁用 Direct3D 动作渲染时无法显示许多标清动作的问题。\n修正了其他系统小错误。\n修正/调整了一些制作效果等。\n对文本进行了其他调整，并更正了排印错误和遗漏。    ",
    "info2": "补丁年龄分级:PG-16",
    "function": [
        "16",
        [
            "https://xiaomiao-ica.lanzoul.com/i3d0Z1z8ce1c",
            "https://xiaomiao-ica.lanzoul.com/iHoz91z8cf5c"
        ],
        "22",
        "SenrenBanka.exe",
        "千恋*万花",
        "千恋万花",
        "EXE",
        "1",
        [
            "0721",
            "0721"
        ],
        "0721",
        "SenrenBanka_patch_v1.12"
        
    ],
    "function的填写方式": [
        "1年龄分级",
        "2下载链接",
        "3分卷数量(1不分卷)",
        "4游戏进程(检测游戏位置方法1)",
        "5游戏窗口名(检测游戏位置方法2)",
        "6游戏名",
        "7安装方式EXE/ZIP",
        "8下载方式 0常规直链下载/1网盘链接解析下载(内置多线程)/2网盘链接解析下载(IDM多线程)",
        "9压缩包密码"
    ]
}


