{
    "image": "images/image4.jpg",
    "info1": "内容说明：\n本补丁修复了游戏中1张CG缺少的问题。",
    "info2": "补丁年龄分级:R-18",
    "function": [
        "18",
        [
            "https://xiaomiao-ica.lanzoul.com/i28Ap1z89dkh"
        ],
        "1",
        "星空列车与白的旅行.exe",
        "星空列车与白的旅行",
        "星空列车与白的旅行",
        "ZIP",
        "1",
        [
            "0721"
        ],
        "0721",
        "星空列车与白的旅行1张CG补丁"
        
    ],
    "function的填写方式": [
        "1年龄分级",
        "2下载链接",
        "3分卷数量(1不分卷)",
        "4游戏进程(检测游戏位置方法1)",
        "5游戏窗口名(检测游戏位置方法2)",
        "6游戏名",
        "7安装方式EXE/ZIP",
        "8下载方式 0常规直链下载/1网盘链接解析下载(内置多线程)/2网盘链接解析下载(IDM多线程)",
        "9网盘密码",
        "10压缩包密码",
        "11补丁名字"
    ]
}