{
    "image": "images/image3.jpg",
    "info1": "内容说明：\n1、本补丁增加了日文原版中的场景剧情。\n2、鉴赏模式中CG鉴赏与回想模式增加了新的内容。\n3、游戏标题界面增加了后日谈。\n适用性：\n1、本补丁适用于「千恋＊万花」Steam国际版。\n2、补丁为简繁日英通用。\n警示声明:\n1、请在使用本补丁前确认您已年满18岁。\n2、请在使用本补丁之前确认不会违反您所在的国家或地区的法律。\n3、请不要在违反您所在的国家或地区的法律的情况下传播本补丁文件。",
    "info2": "补丁年龄分级:R-18",
    "function": [
        "18",
        [
            "https://www.123pan.com/s/fwfTjv-tAPc3.html",
            "https://www.123pan.com/s/fwfTjv-iAPc3.html",
            "https://www.123pan.com/s/fwfTjv-zAPc3.html",
            "https://www.123pan.com/s/fwfTjv-LAPc3.html",
            "https://www.123pan.com/s/fwfTjv-5APc3.html",
            "https://www.123pan.com/s/fwfTjv-H9Pc3.html",
            "https://www.123pan.com/s/fwfTjv-B9Pc3.html",
            "https://www.123pan.com/s/fwfTjv-99Pc3.html",
            "https://www.123pan.com/s/fwfTjv-Q9Pc3.html",
            "https://www.123pan.com/s/fwfTjv-E9Pc3.html",
            "https://www.123pan.com/s/fwfTjv-G9Pc3.html",
            "https://www.123pan.com/s/fwfTjv-19Pc3.html",
            "https://www.123pan.com/s/fwfTjv-49Pc3.html",
            "https://www.123pan.com/s/fwfTjv-x9Pc3.html",
            "https://www.123pan.com/s/fwfTjv-p9Pc3.html",
            "https://www.123pan.com/s/fwfTjv-Y9Pc3.html",
            "https://www.123pan.com/s/fwfTjv-I9Pc3.html",
            "https://www.123pan.com/s/fwfTjv-F9Pc3.html",
            "https://www.123pan.com/s/fwfTjv-J9Pc3.html",
            "https://www.123pan.com/s/fwfTjv-g9Pc3.html",
            "https://www.123pan.com/s/fwfTjv-eAPc3.html",
            "https://www.123pan.com/s/fwfTjv-cAPc3.html"
        ],
        "22",
        "SenrenBanka.exe",
        "千恋*万花",
        "千恋万花",
        "ZIP",
        "1",
        [
            "",
            "",
            "",
            "",
            "",
            "",
            "",
            "",
            "",
            "",
            "",
            "",
            "",
            "",
            "",
            "",
            "",
            "",
            "",
            "",
            "",
            ""
        ],
        "0721",
        "SenrenBanka_Steam_Patch_v102"
        
    ],
    "function的填写方式": [
        "1年龄分级",
        "2下载链接",
        "3分卷数量(1不分卷)",
        "4游戏进程(检测游戏位置方法1)",
        "5游戏窗口名(检测游戏位置方法2)",
        "6游戏名",
        "7安装方式EXE/ZIP",
        "8下载方式 0常规直链下载/1网盘链接解析下载",
        "9网盘密码",
        "10压缩包密码",
        "11补丁名字"
    ]
}