{
    "image": "images/image6.jpg",
    "info1": "内容说明：巧可甜恋2steam版补丁，恢复被删减的剧情和CG。\n",
    "info2": "补丁年龄分级:R-18",
    "function": [
        "18",
        [
            "https://v2.fangcloud.com/share/7b28bb4111840f52f26b00f26a"
        ],
        "1",
        "ac2_ML.exe",
        "巧可甜恋 2",
        "巧可甜恋2",
        "EXE",
        "1",
        [
            ""
        ],
        "0721",
        "Amairo Chocolate2 Simplified Chinese R18 DLC",
        "Amairo Chocolate2 Simplified Chinese R18 DLC.exe"
        
    ],
    "function的填写方式": [
        "1年龄分级",
        "2下载链接",
        "3分卷数量(1不分卷)",
        "4游戏进程(检测游戏位置方法1)",
        "5游戏窗口名(检测游戏位置方法2)",
        "6游戏名",
        "7安装方式EXE/ZIP",
        "8下载方式 0常规直链下载/1网盘链接解析下载(内置多线程)/2网盘链接解析下载(IDM多线程)",
        "9网盘密码",
        "10压缩包密码",
        "11补丁名字",
        "12如果为EXE执行方式,现在完成自动打开的EXE可执行程序名."
    ]
}