{
    "image": "images/image0.jpg",
    "info1": "内容说明：\n",
    "info2": "补丁年龄分级:",
    "function": [
        "1年龄分级",
        [
            "2下载链接",
            "2下载链接",
            "2下载链接",
            "2下载链接",
            "2下载链接"
        ],
        "3分卷数量(1不分卷)",
        "4游戏进程(检测游戏位置方法1)",
        "5游戏窗口名(检测游戏位置方法2)",
        "6游戏名",
        "7安装方式EXE/ZIP",
        "8下载方式 0常规直链下载/1网盘链接解析下载",
        [
            "9网盘密码",
            "9网盘密码",
            "9网盘密码",
            "9网盘密码",
            "9网盘密码",
            "9网盘密码"
        ],
        "10压缩包密码",
        "11补丁名字"
        
    ],
    "function的填写方式": [
        "1年龄分级",
        "2下载链接",
        "3分卷数量(1不分卷)",
        "4游戏进程(检测游戏位置方法1)",
        "5游戏窗口名(检测游戏位置方法2)",
        "6游戏名",
        "7安装方式EXE/ZIP",
        "8下载方式 0常规直链下载/1网盘链接解析下载",
        "9网盘密码",
        "10压缩包密码",
        "11补丁名字"
    ]
}