{
    "image": "images/image1.jpg",
    "info1": "1、本补丁增加了日文原版中的场景剧情和功能选项。\n2、“CG鉴赏”功能中增加了新的CG。\n●宁宁：16张CG\n●巡：11张CG\n●䌷：10张CG\n●憧子：15张CG\n●合奏：7张CG\n●其他：1张CG\n●SD：6张CG\n3、鉴赏模式中增加场景鉴赏功能。\n●宁宁：9个场景\n●巡：4个场景\n●䌷：4个场景\n●憧子：4个场景\n●合奏：3个场景\n4、游戏标题界面新增追加剧情。",
    "info2": "补丁年龄分级:R-18",
    "function": [
        "18",
        [
            "https://v2.fangcloud.com/share/c8d2a7b20210af37be2c7ca81f"
        ],
        "1",
        "SabbatOfTheWitch.exe",
        "魔女的夜宴",
        "魔女的夜宴",
        "ZIP",
        "2",
        [
            ""
        ],
        "0721",
        "sothewitch_steam_patch_4.7"
        
    ],
    "function的填写方式": [
        "1年龄分级",
        "2下载链接",
        "3分卷数量(1不分卷)",
        "4游戏进程(检测游戏位置方法1)",
        "5游戏窗口名(检测游戏位置方法2)",
        "6游戏名",
        "7安装方式EXE/ZIP",
        "8下载方式 0常规直链下载/1网盘链接解析下载(内置多线程)/2网盘链接解析下载(IDM多线程)",
        "9网盘密码",
        "10压缩包密码",
        "11补丁名字"
    ]
}